site,lat,lon,climate_start_year,climate_year_dur,pop,birth_rate,prev0,nSims,simulation_start_year,simulation_years,demographics_filepath,NMF_filepath,CM_filepath,SMC_filepath,ITN_filepath,ITN_age_filepath,ITN_season_filepath,vector_filepath,prevalence_comparison,prevalence_comparison_reference,prevalence_comparison_frequency,prevalence_comparison_diagnostic,prevalence_comparison_agebin,incidence_comparison,incidence_comparison_reference,incidence_comparison_frequency,incidence_comparison_agebin,climate_filepath
Banfora,10.35815195,-4.78305561,2010,10,1000,38,0.2,1,2000,20,/gpfs/projects/b1139/malaria-bf-hbhi/IO/simulation_inputs/DS_inputs_files/Banfora_demographics.wVaxSMC.json,nonmalarial_fevers/nmf_rates_generic.csv,cm/Nanoro_case_management.csv,smc/SMC.csv,itn/Nanoro_ITN.csv,itn/ITN_age.csv,itn/ITN_season.csv,vectors/vectors.csv,True,pcr_prevalence.csv,monthly,PCR,100,True,routine_incidence_by_district.csv,monthly,100,/gpfs/projects/b1139/malaria-bf-hbhi/IO/simulation_inputs/DS_inputs_files/Banfora_climate_2020_one_year
Barsalogho,13.58403547,-1.027494531,2010,10,1000,38,0.2,1,2000,20,/gpfs/projects/b1139/malaria-bf-hbhi/IO/simulation_inputs/DS_inputs_files/Banfora_demographics.wVaxSMC.json,nonmalarial_fevers/nmf_rates_generic.csv,cm/Nanoro_case_management.csv,smc/SMC.csv,itn/Nanoro_ITN.csv,itn/ITN_age.csv,itn/ITN_season.csv,vectors/vectors.csv,True,pcr_prevalence.csv,monthly,PCR,100,True,routine_incidence_by_district.csv,monthly,100,/gpfs/projects/b1139/malaria-bf-hbhi/IO/simulation_inputs/DS_inputs_files/Banfora_climate_2020_one_year
Baskuy,12.37620914,-1.537765581,2010,10,1000,38,0.2,1,2000,20,/gpfs/projects/b1139/malaria-bf-hbhi/IO/simulation_inputs/DS_inputs_files/Banfora_demographics.wVaxSMC.json,nonmalarial_fevers/nmf_rates_generic.csv,cm/Nanoro_case_management.csv,smc/SMC.csv,itn/Nanoro_ITN.csv,itn/ITN_age.csv,itn/ITN_season.csv,vectors/vectors.csv,True,pcr_prevalence.csv,monthly,PCR,100,True,routine_incidence_by_district.csv,monthly,100,/gpfs/projects/b1139/malaria-bf-hbhi/IO/simulation_inputs/DS_inputs_files/Banfora_climate_2020_one_year
Batie,9.874355021,-2.959007379,2010,10,1000,38,0.2,1,2000,20,/gpfs/projects/b1139/malaria-bf-hbhi/IO/simulation_inputs/DS_inputs_files/Banfora_demographics.wVaxSMC.json,nonmalarial_fevers/nmf_rates_generic.csv,cm/Nanoro_case_management.csv,smc/SMC.csv,itn/Nanoro_ITN.csv,itn/ITN_age.csv,itn/ITN_season.csv,vectors/vectors.csv,True,pcr_prevalence.csv,monthly,PCR,100,True,routine_incidence_by_district.csv,monthly,100,/gpfs/projects/b1139/malaria-bf-hbhi/IO/simulation_inputs/DS_inputs_files/Banfora_climate_2020_one_year
Bittou,11.35015157,-0.288309071,2010,10,1000,38,0.2,1,2000,20,/gpfs/projects/b1139/malaria-bf-hbhi/IO/simulation_inputs/DS_inputs_files/Banfora_demographics.wVaxSMC.json,nonmalarial_fevers/nmf_rates_generic.csv,cm/Nanoro_case_management.csv,smc/SMC.csv,itn/Nanoro_ITN.csv,itn/ITN_age.csv,itn/ITN_season.csv,vectors/vectors.csv,True,pcr_prevalence.csv,monthly,PCR,100,True,routine_incidence_by_district.csv,monthly,100,/gpfs/projects/b1139/malaria-bf-hbhi/IO/simulation_inputs/DS_inputs_files/Banfora_climate_2020_one_year
Bogande,12.78798637,0.075154081,2010,10,1000,38,0.2,1,2000,20,/gpfs/projects/b1139/malaria-bf-hbhi/IO/simulation_inputs/DS_inputs_files/Banfora_demographics.wVaxSMC.json,nonmalarial_fevers/nmf_rates_generic.csv,cm/Nanoro_case_management.csv,smc/SMC.csv,itn/Nanoro_ITN.csv,itn/ITN_age.csv,itn/ITN_season.csv,vectors/vectors.csv,True,pcr_prevalence.csv,monthly,PCR,100,True,routine_incidence_by_district.csv,monthly,100,/gpfs/projects/b1139/malaria-bf-hbhi/IO/simulation_inputs/DS_inputs_files/Banfora_climate_2020_one_year
Bogodogo,12.29616709,-1.326302933,2010,10,1000,38,0.2,1,2000,20,/gpfs/projects/b1139/malaria-bf-hbhi/IO/simulation_inputs/DS_inputs_files/Banfora_demographics.wVaxSMC.json,nonmalarial_fevers/nmf_rates_generic.csv,cm/Nanoro_case_management.csv,smc/SMC.csv,itn/Nanoro_ITN.csv,itn/ITN_age.csv,itn/ITN_season.csv,vectors/vectors.csv,True,pcr_prevalence.csv,monthly,PCR,100,True,routine_incidence_by_district.csv,monthly,100,/gpfs/projects/b1139/malaria-bf-hbhi/IO/simulation_inputs/DS_inputs_files/Banfora_climate_2020_one_year
Boromo,11.72224601,-3.073397032,2010,10,1000,38,0.2,1,2000,20,/gpfs/projects/b1139/malaria-bf-hbhi/IO/simulation_inputs/DS_inputs_files/Banfora_demographics.wVaxSMC.json,nonmalarial_fevers/nmf_rates_generic.csv,cm/Nanoro_case_management.csv,smc/SMC.csv,itn/Nanoro_ITN.csv,itn/ITN_age.csv,itn/ITN_season.csv,vectors/vectors.csv,True,pcr_prevalence.csv,monthly,PCR,100,True,routine_incidence_by_district.csv,monthly,100,/gpfs/projects/b1139/malaria-bf-hbhi/IO/simulation_inputs/DS_inputs_files/Banfora_climate_2020_one_year
Boulmiougou,12.24805872,-1.668442695,2010,10,1000,38,0.2,1,2000,20,/gpfs/projects/b1139/malaria-bf-hbhi/IO/simulation_inputs/DS_inputs_files/Banfora_demographics.wVaxSMC.json,nonmalarial_fevers/nmf_rates_generic.csv,cm/Nanoro_case_management.csv,smc/SMC.csv,itn/Nanoro_ITN.csv,itn/ITN_age.csv,itn/ITN_season.csv,vectors/vectors.csv,True,pcr_prevalence.csv,monthly,PCR,100,True,routine_incidence_by_district.csv,monthly,100,/gpfs/projects/b1139/malaria-bf-hbhi/IO/simulation_inputs/DS_inputs_files/Banfora_climate_2020_one_year
Boulsa,12.76242633,-0.489848069,2010,10,1000,38,0.2,1,2000,20,/gpfs/projects/b1139/malaria-bf-hbhi/IO/simulation_inputs/DS_inputs_files/Banfora_demographics.wVaxSMC.json,nonmalarial_fevers/nmf_rates_generic.csv,cm/Nanoro_case_management.csv,smc/SMC.csv,itn/Nanoro_ITN.csv,itn/ITN_age.csv,itn/ITN_season.csv,vectors/vectors.csv,True,pcr_prevalence.csv,monthly,PCR,100,True,routine_incidence_by_district.csv,monthly,100,/gpfs/projects/b1139/malaria-bf-hbhi/IO/simulation_inputs/DS_inputs_files/Banfora_climate_2020_one_year
Bousse,12.62572528,-1.812716682,2010,10,1000,38,0.2,1,2000,20,/gpfs/projects/b1139/malaria-bf-hbhi/IO/simulation_inputs/DS_inputs_files/Banfora_demographics.wVaxSMC.json,nonmalarial_fevers/nmf_rates_generic.csv,cm/Nanoro_case_management.csv,smc/SMC.csv,itn/Nanoro_ITN.csv,itn/ITN_age.csv,itn/ITN_season.csv,vectors/vectors.csv,True,pcr_prevalence.csv,monthly,PCR,100,True,routine_incidence_by_district.csv,monthly,100,/gpfs/projects/b1139/malaria-bf-hbhi/IO/simulation_inputs/DS_inputs_files/Banfora_climate_2020_one_year
Boussouma,12.83818011,-1.052300223,2010,10,1000,38,0.2,1,2000,20,/gpfs/projects/b1139/malaria-bf-hbhi/IO/simulation_inputs/DS_inputs_files/Banfora_demographics.wVaxSMC.json,nonmalarial_fevers/nmf_rates_generic.csv,cm/Nanoro_case_management.csv,smc/SMC.csv,itn/Nanoro_ITN.csv,itn/ITN_age.csv,itn/ITN_season.csv,vectors/vectors.csv,True,pcr_prevalence.csv,monthly,PCR,100,True,routine_incidence_by_district.csv,monthly,100,/gpfs/projects/b1139/malaria-bf-hbhi/IO/simulation_inputs/DS_inputs_files/Banfora_climate_2020_one_year
Dafra,11.15108697,-4.177686038,2010,10,1000,38,0.2,1,2000,20,/gpfs/projects/b1139/malaria-bf-hbhi/IO/simulation_inputs/DS_inputs_files/Banfora_demographics.wVaxSMC.json,nonmalarial_fevers/nmf_rates_generic.csv,cm/Nanoro_case_management.csv,smc/SMC.csv,itn/Nanoro_ITN.csv,itn/ITN_age.csv,itn/ITN_season.csv,vectors/vectors.csv,True,pcr_prevalence.csv,monthly,PCR,100,True,routine_incidence_by_district.csv,monthly,100,/gpfs/projects/b1139/malaria-bf-hbhi/IO/simulation_inputs/DS_inputs_files/Banfora_climate_2020_one_year
Dande,11.65868293,-4.387508153,2010,10,1000,38,0.2,1,2000,20,/gpfs/projects/b1139/malaria-bf-hbhi/IO/simulation_inputs/DS_inputs_files/Banfora_demographics.wVaxSMC.json,nonmalarial_fevers/nmf_rates_generic.csv,cm/Nanoro_case_management.csv,smc/SMC.csv,itn/Nanoro_ITN.csv,itn/ITN_age.csv,itn/ITN_season.csv,vectors/vectors.csv,True,pcr_prevalence.csv,monthly,PCR,100,True,routine_incidence_by_district.csv,monthly,100,/gpfs/projects/b1139/malaria-bf-hbhi/IO/simulation_inputs/DS_inputs_files/Banfora_climate_2020_one_year
Dano,11.08374119,-3.023423033,2010,10,1000,38,0.2,1,2000,20,/gpfs/projects/b1139/malaria-bf-hbhi/IO/simulation_inputs/DS_inputs_files/Banfora_demographics.wVaxSMC.json,nonmalarial_fevers/nmf_rates_generic.csv,cm/Nanoro_case_management.csv,smc/SMC.csv,itn/Nanoro_ITN.csv,itn/ITN_age.csv,itn/ITN_season.csv,vectors/vectors.csv,True,pcr_prevalence.csv,monthly,PCR,100,True,routine_incidence_by_district.csv,monthly,100,/gpfs/projects/b1139/malaria-bf-hbhi/IO/simulation_inputs/DS_inputs_files/Banfora_climate_2020_one_year
Dedougou,12.20077732,-3.416954816,2010,10,1000,38,0.2,1,2000,20,/gpfs/projects/b1139/malaria-bf-hbhi/IO/simulation_inputs/DS_inputs_files/Banfora_demographics.wVaxSMC.json,nonmalarial_fevers/nmf_rates_generic.csv,cm/Nanoro_case_management.csv,smc/SMC.csv,itn/Nanoro_ITN.csv,itn/ITN_age.csv,itn/ITN_season.csv,vectors/vectors.csv,True,pcr_prevalence.csv,monthly,PCR,100,True,routine_incidence_by_district.csv,monthly,100,/gpfs/projects/b1139/malaria-bf-hbhi/IO/simulation_inputs/DS_inputs_files/Banfora_climate_2020_one_year
Diapaga,12.06905425,1.740144044,2010,10,1000,38,0.2,1,2000,20,/gpfs/projects/b1139/malaria-bf-hbhi/IO/simulation_inputs/DS_inputs_files/Banfora_demographics.wVaxSMC.json,nonmalarial_fevers/nmf_rates_generic.csv,cm/Nanoro_case_management.csv,smc/SMC.csv,itn/Nanoro_ITN.csv,itn/ITN_age.csv,itn/ITN_season.csv,vectors/vectors.csv,True,pcr_prevalence.csv,monthly,PCR,100,True,routine_incidence_by_district.csv,monthly,100,/gpfs/projects/b1139/malaria-bf-hbhi/IO/simulation_inputs/DS_inputs_files/Banfora_climate_2020_one_year
Diebougou,10.84706073,-3.41260378,2010,10,1000,38,0.2,1,2000,20,/gpfs/projects/b1139/malaria-bf-hbhi/IO/simulation_inputs/DS_inputs_files/Banfora_demographics.wVaxSMC.json,nonmalarial_fevers/nmf_rates_generic.csv,cm/Nanoro_case_management.csv,smc/SMC.csv,itn/Nanoro_ITN.csv,itn/ITN_age.csv,itn/ITN_season.csv,vectors/vectors.csv,True,pcr_prevalence.csv,monthly,PCR,100,True,routine_incidence_by_district.csv,monthly,100,/gpfs/projects/b1139/malaria-bf-hbhi/IO/simulation_inputs/DS_inputs_files/Banfora_climate_2020_one_year
Djibo,14.23681847,-1.288693472,2010,10,1000,38,0.2,1,2000,20,/gpfs/projects/b1139/malaria-bf-hbhi/IO/simulation_inputs/DS_inputs_files/Banfora_demographics.wVaxSMC.json,nonmalarial_fevers/nmf_rates_generic.csv,cm/Nanoro_case_management.csv,smc/SMC.csv,itn/Nanoro_ITN.csv,itn/ITN_age.csv,itn/ITN_season.csv,vectors/vectors.csv,True,pcr_prevalence.csv,monthly,PCR,100,True,routine_incidence_by_district.csv,monthly,100,/gpfs/projects/b1139/malaria-bf-hbhi/IO/simulation_inputs/DS_inputs_files/Banfora_climate_2020_one_year
Do,11.05464261,-4.467959762,2010,10,1000,38,0.2,1,2000,20,/gpfs/projects/b1139/malaria-bf-hbhi/IO/simulation_inputs/DS_inputs_files/Banfora_demographics.wVaxSMC.json,nonmalarial_fevers/nmf_rates_generic.csv,cm/Nanoro_case_management.csv,smc/SMC.csv,itn/Nanoro_ITN.csv,itn/ITN_age.csv,itn/ITN_season.csv,vectors/vectors.csv,True,pcr_prevalence.csv,monthly,PCR,100,True,routine_incidence_by_district.csv,monthly,100,/gpfs/projects/b1139/malaria-bf-hbhi/IO/simulation_inputs/DS_inputs_files/Banfora_climate_2020_one_year
Dori,13.94777113,-0.032401811,2010,10,1000,38,0.2,1,2000,20,/gpfs/projects/b1139/malaria-bf-hbhi/IO/simulation_inputs/DS_inputs_files/Banfora_demographics.wVaxSMC.json,nonmalarial_fevers/nmf_rates_generic.csv,cm/Nanoro_case_management.csv,smc/SMC.csv,itn/Nanoro_ITN.csv,itn/ITN_age.csv,itn/ITN_season.csv,vectors/vectors.csv,True,pcr_prevalence.csv,monthly,PCR,100,True,routine_incidence_by_district.csv,monthly,100,/gpfs/projects/b1139/malaria-bf-hbhi/IO/simulation_inputs/DS_inputs_files/Banfora_climate_2020_one_year
Fada N'Gourma,12.1431698,0.629001404,2010,10,1000,38,0.2,1,2000,20,/gpfs/projects/b1139/malaria-bf-hbhi/IO/simulation_inputs/DS_inputs_files/Banfora_demographics.wVaxSMC.json,nonmalarial_fevers/nmf_rates_generic.csv,cm/Nanoro_case_management.csv,smc/SMC.csv,itn/Nanoro_ITN.csv,itn/ITN_age.csv,itn/ITN_season.csv,vectors/vectors.csv,True,pcr_prevalence.csv,monthly,PCR,100,True,routine_incidence_by_district.csv,monthly,100,/gpfs/projects/b1139/malaria-bf-hbhi/IO/simulation_inputs/DS_inputs_files/Banfora_climate_2020_one_year
Gaoua,10.38728245,-3.099066205,2010,10,1000,38,0.2,1,2000,20,/gpfs/projects/b1139/malaria-bf-hbhi/IO/simulation_inputs/DS_inputs_files/Banfora_demographics.wVaxSMC.json,nonmalarial_fevers/nmf_rates_generic.csv,cm/Nanoro_case_management.csv,smc/SMC.csv,itn/Nanoro_ITN.csv,itn/ITN_age.csv,itn/ITN_season.csv,vectors/vectors.csv,True,pcr_prevalence.csv,monthly,PCR,100,True,routine_incidence_by_district.csv,monthly,100,/gpfs/projects/b1139/malaria-bf-hbhi/IO/simulation_inputs/DS_inputs_files/Banfora_climate_2020_one_year
Garango,11.7745373,-0.681866926,2010,10,1000,38,0.2,1,2000,20,/gpfs/projects/b1139/malaria-bf-hbhi/IO/simulation_inputs/DS_inputs_files/Banfora_demographics.wVaxSMC.json,nonmalarial_fevers/nmf_rates_generic.csv,cm/Nanoro_case_management.csv,smc/SMC.csv,itn/Nanoro_ITN.csv,itn/ITN_age.csv,itn/ITN_season.csv,vectors/vectors.csv,True,pcr_prevalence.csv,monthly,PCR,100,True,routine_incidence_by_district.csv,monthly,100,/gpfs/projects/b1139/malaria-bf-hbhi/IO/simulation_inputs/DS_inputs_files/Banfora_climate_2020_one_year
Gayeri,12.74825911,0.730306293,2010,10,1000,38,0.2,1,2000,20,/gpfs/projects/b1139/malaria-bf-hbhi/IO/simulation_inputs/DS_inputs_files/Banfora_demographics.wVaxSMC.json,nonmalarial_fevers/nmf_rates_generic.csv,cm/Nanoro_case_management.csv,smc/SMC.csv,itn/Nanoro_ITN.csv,itn/ITN_age.csv,itn/ITN_season.csv,vectors/vectors.csv,True,pcr_prevalence.csv,monthly,PCR,100,True,routine_incidence_by_district.csv,monthly,100,/gpfs/projects/b1139/malaria-bf-hbhi/IO/simulation_inputs/DS_inputs_files/Banfora_climate_2020_one_year
Gorom-Gorom,14.6532744,-0.33365597,2010,10,1000,38,0.2,1,2000,20,/gpfs/projects/b1139/malaria-bf-hbhi/IO/simulation_inputs/DS_inputs_files/Banfora_demographics.wVaxSMC.json,nonmalarial_fevers/nmf_rates_generic.csv,cm/Nanoro_case_management.csv,smc/SMC.csv,itn/Nanoro_ITN.csv,itn/ITN_age.csv,itn/ITN_season.csv,vectors/vectors.csv,True,pcr_prevalence.csv,monthly,PCR,100,True,routine_incidence_by_district.csv,monthly,100,/gpfs/projects/b1139/malaria-bf-hbhi/IO/simulation_inputs/DS_inputs_files/Banfora_climate_2020_one_year
Gourcy,13.19522861,-2.375780643,2010,10,1000,38,0.2,1,2000,20,/gpfs/projects/b1139/malaria-bf-hbhi/IO/simulation_inputs/DS_inputs_files/Banfora_demographics.wVaxSMC.json,nonmalarial_fevers/nmf_rates_generic.csv,cm/Nanoro_case_management.csv,smc/SMC.csv,itn/Nanoro_ITN.csv,itn/ITN_age.csv,itn/ITN_season.csv,vectors/vectors.csv,True,pcr_prevalence.csv,monthly,PCR,100,True,routine_incidence_by_district.csv,monthly,100,/gpfs/projects/b1139/malaria-bf-hbhi/IO/simulation_inputs/DS_inputs_files/Banfora_climate_2020_one_year
Hounde,11.43953766,-3.518757322,2010,10,1000,38,0.2,1,2000,20,/gpfs/projects/b1139/malaria-bf-hbhi/IO/simulation_inputs/DS_inputs_files/Banfora_demographics.wVaxSMC.json,nonmalarial_fevers/nmf_rates_generic.csv,cm/Nanoro_case_management.csv,smc/SMC.csv,itn/Nanoro_ITN.csv,itn/ITN_age.csv,itn/ITN_season.csv,vectors/vectors.csv,True,pcr_prevalence.csv,monthly,PCR,100,True,routine_incidence_by_district.csv,monthly,100,/gpfs/projects/b1139/malaria-bf-hbhi/IO/simulation_inputs/DS_inputs_files/Banfora_climate_2020_one_year
Kampti,10.23449398,-3.566889745,2010,10,1000,38,0.2,1,2000,20,/gpfs/projects/b1139/malaria-bf-hbhi/IO/simulation_inputs/DS_inputs_files/Banfora_demographics.wVaxSMC.json,nonmalarial_fevers/nmf_rates_generic.csv,cm/Nanoro_case_management.csv,smc/SMC.csv,itn/Nanoro_ITN.csv,itn/ITN_age.csv,itn/ITN_season.csv,vectors/vectors.csv,True,pcr_prevalence.csv,monthly,PCR,100,True,routine_incidence_by_district.csv,monthly,100,/gpfs/projects/b1139/malaria-bf-hbhi/IO/simulation_inputs/DS_inputs_files/Banfora_climate_2020_one_year
Karangasso - Vigue,10.94189724,-3.907685791,2010,10,1000,38,0.2,1,2000,20,/gpfs/projects/b1139/malaria-bf-hbhi/IO/simulation_inputs/DS_inputs_files/Banfora_demographics.wVaxSMC.json,nonmalarial_fevers/nmf_rates_generic.csv,cm/Nanoro_case_management.csv,smc/SMC.csv,itn/Nanoro_ITN.csv,itn/ITN_age.csv,itn/ITN_season.csv,vectors/vectors.csv,True,pcr_prevalence.csv,monthly,PCR,100,True,routine_incidence_by_district.csv,monthly,100,/gpfs/projects/b1139/malaria-bf-hbhi/IO/simulation_inputs/DS_inputs_files/Banfora_climate_2020_one_year
Kaya,13.11193952,-1.021485516,2010,10,1000,38,0.2,1,2000,20,/gpfs/projects/b1139/malaria-bf-hbhi/IO/simulation_inputs/DS_inputs_files/Banfora_demographics.wVaxSMC.json,nonmalarial_fevers/nmf_rates_generic.csv,cm/Nanoro_case_management.csv,smc/SMC.csv,itn/Nanoro_ITN.csv,itn/ITN_age.csv,itn/ITN_season.csv,vectors/vectors.csv,True,pcr_prevalence.csv,monthly,PCR,100,True,routine_incidence_by_district.csv,monthly,100,/gpfs/projects/b1139/malaria-bf-hbhi/IO/simulation_inputs/DS_inputs_files/Banfora_climate_2020_one_year
Kombissiri,11.92469769,-1.292512153,2010,10,1000,38,0.2,1,2000,20,/gpfs/projects/b1139/malaria-bf-hbhi/IO/simulation_inputs/DS_inputs_files/Banfora_demographics.wVaxSMC.json,nonmalarial_fevers/nmf_rates_generic.csv,cm/Nanoro_case_management.csv,smc/SMC.csv,itn/Nanoro_ITN.csv,itn/ITN_age.csv,itn/ITN_season.csv,vectors/vectors.csv,True,pcr_prevalence.csv,monthly,PCR,100,True,routine_incidence_by_district.csv,monthly,100,/gpfs/projects/b1139/malaria-bf-hbhi/IO/simulation_inputs/DS_inputs_files/Banfora_climate_2020_one_year
Kongoussi,13.47028287,-1.586241455,2010,10,1000,38,0.2,1,2000,20,/gpfs/projects/b1139/malaria-bf-hbhi/IO/simulation_inputs/DS_inputs_files/Banfora_demographics.wVaxSMC.json,nonmalarial_fevers/nmf_rates_generic.csv,cm/Nanoro_case_management.csv,smc/SMC.csv,itn/Nanoro_ITN.csv,itn/ITN_age.csv,itn/ITN_season.csv,vectors/vectors.csv,True,pcr_prevalence.csv,monthly,PCR,100,True,routine_incidence_by_district.csv,monthly,100,/gpfs/projects/b1139/malaria-bf-hbhi/IO/simulation_inputs/DS_inputs_files/Banfora_climate_2020_one_year
Koudougou,12.28663151,-2.161058488,2010,10,1000,38,0.2,1,2000,20,/gpfs/projects/b1139/malaria-bf-hbhi/IO/simulation_inputs/DS_inputs_files/Banfora_demographics.wVaxSMC.json,nonmalarial_fevers/nmf_rates_generic.csv,cm/Nanoro_case_management.csv,smc/SMC.csv,itn/Nanoro_ITN.csv,itn/ITN_age.csv,itn/ITN_season.csv,vectors/vectors.csv,True,pcr_prevalence.csv,monthly,PCR,100,True,routine_incidence_by_district.csv,monthly,100,/gpfs/projects/b1139/malaria-bf-hbhi/IO/simulation_inputs/DS_inputs_files/Banfora_climate_2020_one_year
Koupela,12.05558264,-0.272749373,2010,10,1000,38,0.2,1,2000,20,/gpfs/projects/b1139/malaria-bf-hbhi/IO/simulation_inputs/DS_inputs_files/Banfora_demographics.wVaxSMC.json,nonmalarial_fevers/nmf_rates_generic.csv,cm/Nanoro_case_management.csv,smc/SMC.csv,itn/Nanoro_ITN.csv,itn/ITN_age.csv,itn/ITN_season.csv,vectors/vectors.csv,True,pcr_prevalence.csv,monthly,PCR,100,True,routine_incidence_by_district.csv,monthly,100,/gpfs/projects/b1139/malaria-bf-hbhi/IO/simulation_inputs/DS_inputs_files/Banfora_climate_2020_one_year
Lena,11.47744053,-4.019182159,2010,10,1000,38,0.2,1,2000,20,/gpfs/projects/b1139/malaria-bf-hbhi/IO/simulation_inputs/DS_inputs_files/Banfora_demographics.wVaxSMC.json,nonmalarial_fevers/nmf_rates_generic.csv,cm/Nanoro_case_management.csv,smc/SMC.csv,itn/Nanoro_ITN.csv,itn/ITN_age.csv,itn/ITN_season.csv,vectors/vectors.csv,True,pcr_prevalence.csv,monthly,PCR,100,True,routine_incidence_by_district.csv,monthly,100,/gpfs/projects/b1139/malaria-bf-hbhi/IO/simulation_inputs/DS_inputs_files/Banfora_climate_2020_one_year
Leo,11.29328564,-2.223137257,2010,10,1000,38,0.2,1,2000,20,/gpfs/projects/b1139/malaria-bf-hbhi/IO/simulation_inputs/DS_inputs_files/Banfora_demographics.wVaxSMC.json,nonmalarial_fevers/nmf_rates_generic.csv,cm/Nanoro_case_management.csv,smc/SMC.csv,itn/Nanoro_ITN.csv,itn/ITN_age.csv,itn/ITN_season.csv,vectors/vectors.csv,True,pcr_prevalence.csv,monthly,PCR,100,True,routine_incidence_by_district.csv,monthly,100,/gpfs/projects/b1139/malaria-bf-hbhi/IO/simulation_inputs/DS_inputs_files/Banfora_climate_2020_one_year
Manga,11.57163638,-0.979185344,2010,10,1000,38,0.2,1,2000,20,/gpfs/projects/b1139/malaria-bf-hbhi/IO/simulation_inputs/DS_inputs_files/Banfora_demographics.wVaxSMC.json,nonmalarial_fevers/nmf_rates_generic.csv,cm/Nanoro_case_management.csv,smc/SMC.csv,itn/Nanoro_ITN.csv,itn/ITN_age.csv,itn/ITN_season.csv,vectors/vectors.csv,True,pcr_prevalence.csv,monthly,PCR,100,True,routine_incidence_by_district.csv,monthly,100,/gpfs/projects/b1139/malaria-bf-hbhi/IO/simulation_inputs/DS_inputs_files/Banfora_climate_2020_one_year
Mangodara,10.25697728,-4.187478718,2010,10,1000,38,0.2,1,2000,20,/gpfs/projects/b1139/malaria-bf-hbhi/IO/simulation_inputs/DS_inputs_files/Banfora_demographics.wVaxSMC.json,nonmalarial_fevers/nmf_rates_generic.csv,cm/Nanoro_case_management.csv,smc/SMC.csv,itn/Nanoro_ITN.csv,itn/ITN_age.csv,itn/ITN_season.csv,vectors/vectors.csv,True,pcr_prevalence.csv,monthly,PCR,100,True,routine_incidence_by_district.csv,monthly,100,/gpfs/projects/b1139/malaria-bf-hbhi/IO/simulation_inputs/DS_inputs_files/Banfora_climate_2020_one_year
Mani,13.27128604,-0.097266193,2010,10,1000,38,0.2,1,2000,20,/gpfs/projects/b1139/malaria-bf-hbhi/IO/simulation_inputs/DS_inputs_files/Banfora_demographics.wVaxSMC.json,nonmalarial_fevers/nmf_rates_generic.csv,cm/Nanoro_case_management.csv,smc/SMC.csv,itn/Nanoro_ITN.csv,itn/ITN_age.csv,itn/ITN_season.csv,vectors/vectors.csv,True,pcr_prevalence.csv,monthly,PCR,100,True,routine_incidence_by_district.csv,monthly,100,/gpfs/projects/b1139/malaria-bf-hbhi/IO/simulation_inputs/DS_inputs_files/Banfora_climate_2020_one_year
Nanoro,12.55627387,-2.058170649,2010,10,1000,38,0.2,1,2000,20,/gpfs/projects/b1139/malaria-bf-hbhi/IO/simulation_inputs/DS_inputs_files/Banfora_demographics.wVaxSMC.json,nonmalarial_fevers/nmf_rates_generic.csv,cm/Nanoro_case_management.csv,smc/SMC.csv,itn/Nanoro_ITN.csv,itn/ITN_age.csv,itn/ITN_season.csv,vectors/vectors.csv,True,pcr_prevalence.csv,monthly,PCR,100,True,routine_incidence_by_district.csv,monthly,100,/gpfs/projects/b1139/malaria-bf-hbhi/IO/simulation_inputs/DS_inputs_files/Banfora_climate_2020_one_year
N'Dorola,11.65012757,-4.934305248,2010,10,1000,38,0.2,1,2000,20,/gpfs/projects/b1139/malaria-bf-hbhi/IO/simulation_inputs/DS_inputs_files/Banfora_demographics.wVaxSMC.json,nonmalarial_fevers/nmf_rates_generic.csv,cm/Nanoro_case_management.csv,smc/SMC.csv,itn/Nanoro_ITN.csv,itn/ITN_age.csv,itn/ITN_season.csv,vectors/vectors.csv,True,pcr_prevalence.csv,monthly,PCR,100,True,routine_incidence_by_district.csv,monthly,100,/gpfs/projects/b1139/malaria-bf-hbhi/IO/simulation_inputs/DS_inputs_files/Banfora_climate_2020_one_year
Nongr-Massoum,12.4463258,-1.501365841,2010,10,1000,38,0.2,1,2000,20,/gpfs/projects/b1139/malaria-bf-hbhi/IO/simulation_inputs/DS_inputs_files/Banfora_demographics.wVaxSMC.json,nonmalarial_fevers/nmf_rates_generic.csv,cm/Nanoro_case_management.csv,smc/SMC.csv,itn/Nanoro_ITN.csv,itn/ITN_age.csv,itn/ITN_season.csv,vectors/vectors.csv,True,pcr_prevalence.csv,monthly,PCR,100,True,routine_incidence_by_district.csv,monthly,100,/gpfs/projects/b1139/malaria-bf-hbhi/IO/simulation_inputs/DS_inputs_files/Banfora_climate_2020_one_year
Nouna,12.9241613,-3.88082229,2010,10,1000,38,0.2,1,2000,20,/gpfs/projects/b1139/malaria-bf-hbhi/IO/simulation_inputs/DS_inputs_files/Banfora_demographics.wVaxSMC.json,nonmalarial_fevers/nmf_rates_generic.csv,cm/Nanoro_case_management.csv,smc/SMC.csv,itn/Nanoro_ITN.csv,itn/ITN_age.csv,itn/ITN_season.csv,vectors/vectors.csv,True,pcr_prevalence.csv,monthly,PCR,100,True,routine_incidence_by_district.csv,monthly,100,/gpfs/projects/b1139/malaria-bf-hbhi/IO/simulation_inputs/DS_inputs_files/Banfora_climate_2020_one_year
Orodara,11.07401652,-5.047381959,2010,10,1000,38,0.2,1,2000,20,/gpfs/projects/b1139/malaria-bf-hbhi/IO/simulation_inputs/DS_inputs_files/Banfora_demographics.wVaxSMC.json,nonmalarial_fevers/nmf_rates_generic.csv,cm/Nanoro_case_management.csv,smc/SMC.csv,itn/Nanoro_ITN.csv,itn/ITN_age.csv,itn/ITN_season.csv,vectors/vectors.csv,True,pcr_prevalence.csv,monthly,PCR,100,True,routine_incidence_by_district.csv,monthly,100,/gpfs/projects/b1139/malaria-bf-hbhi/IO/simulation_inputs/DS_inputs_files/Banfora_climate_2020_one_year
Ouahigouya,13.54415724,-2.406237508,2010,10,1000,38,0.2,1,2000,20,/gpfs/projects/b1139/malaria-bf-hbhi/IO/simulation_inputs/DS_inputs_files/Banfora_demographics.wVaxSMC.json,nonmalarial_fevers/nmf_rates_generic.csv,cm/Nanoro_case_management.csv,smc/SMC.csv,itn/Nanoro_ITN.csv,itn/ITN_age.csv,itn/ITN_season.csv,vectors/vectors.csv,True,pcr_prevalence.csv,monthly,PCR,100,True,routine_incidence_by_district.csv,monthly,100,/gpfs/projects/b1139/malaria-bf-hbhi/IO/simulation_inputs/DS_inputs_files/Banfora_climate_2020_one_year
Ouargaye,11.41486718,0.201645496,2010,10,1000,38,0.2,1,2000,20,/gpfs/projects/b1139/malaria-bf-hbhi/IO/simulation_inputs/DS_inputs_files/Banfora_demographics.wVaxSMC.json,nonmalarial_fevers/nmf_rates_generic.csv,cm/Nanoro_case_management.csv,smc/SMC.csv,itn/Nanoro_ITN.csv,itn/ITN_age.csv,itn/ITN_season.csv,vectors/vectors.csv,True,pcr_prevalence.csv,monthly,PCR,100,True,routine_incidence_by_district.csv,monthly,100,/gpfs/projects/b1139/malaria-bf-hbhi/IO/simulation_inputs/DS_inputs_files/Banfora_climate_2020_one_year
Pama,11.43192052,0.884925252,2010,10,1000,38,0.2,1,2000,20,/gpfs/projects/b1139/malaria-bf-hbhi/IO/simulation_inputs/DS_inputs_files/Banfora_demographics.wVaxSMC.json,nonmalarial_fevers/nmf_rates_generic.csv,cm/Nanoro_case_management.csv,smc/SMC.csv,itn/Nanoro_ITN.csv,itn/ITN_age.csv,itn/ITN_season.csv,vectors/vectors.csv,True,pcr_prevalence.csv,monthly,PCR,100,True,routine_incidence_by_district.csv,monthly,100,/gpfs/projects/b1139/malaria-bf-hbhi/IO/simulation_inputs/DS_inputs_files/Banfora_climate_2020_one_year
Po,11.20393478,-1.20558427,2010,10,1000,38,0.2,1,2000,20,/gpfs/projects/b1139/malaria-bf-hbhi/IO/simulation_inputs/DS_inputs_files/Banfora_demographics.wVaxSMC.json,nonmalarial_fevers/nmf_rates_generic.csv,cm/Nanoro_case_management.csv,smc/SMC.csv,itn/Nanoro_ITN.csv,itn/ITN_age.csv,itn/ITN_season.csv,vectors/vectors.csv,True,pcr_prevalence.csv,monthly,PCR,100,True,routine_incidence_by_district.csv,monthly,100,/gpfs/projects/b1139/malaria-bf-hbhi/IO/simulation_inputs/DS_inputs_files/Banfora_climate_2020_one_year
Pouytenga,12.37409231,-0.372096829,2010,10,1000,38,0.2,1,2000,20,/gpfs/projects/b1139/malaria-bf-hbhi/IO/simulation_inputs/DS_inputs_files/Banfora_demographics.wVaxSMC.json,nonmalarial_fevers/nmf_rates_generic.csv,cm/Nanoro_case_management.csv,smc/SMC.csv,itn/Nanoro_ITN.csv,itn/ITN_age.csv,itn/ITN_season.csv,vectors/vectors.csv,True,pcr_prevalence.csv,monthly,PCR,100,True,routine_incidence_by_district.csv,monthly,100,/gpfs/projects/b1139/malaria-bf-hbhi/IO/simulation_inputs/DS_inputs_files/Banfora_climate_2020_one_year
Reo,12.51899383,-2.547840627,2010,10,1000,38,0.2,1,2000,20,/gpfs/projects/b1139/malaria-bf-hbhi/IO/simulation_inputs/DS_inputs_files/Banfora_demographics.wVaxSMC.json,nonmalarial_fevers/nmf_rates_generic.csv,cm/Nanoro_case_management.csv,smc/SMC.csv,itn/Nanoro_ITN.csv,itn/ITN_age.csv,itn/ITN_season.csv,vectors/vectors.csv,True,pcr_prevalence.csv,monthly,PCR,100,True,routine_incidence_by_district.csv,monthly,100,/gpfs/projects/b1139/malaria-bf-hbhi/IO/simulation_inputs/DS_inputs_files/Banfora_climate_2020_one_year
Sabou,12.06201511,-2.229162085,2010,10,1000,38,0.2,1,2000,20,/gpfs/projects/b1139/malaria-bf-hbhi/IO/simulation_inputs/DS_inputs_files/Banfora_demographics.wVaxSMC.json,nonmalarial_fevers/nmf_rates_generic.csv,cm/Nanoro_case_management.csv,smc/SMC.csv,itn/Nanoro_ITN.csv,itn/ITN_age.csv,itn/ITN_season.csv,vectors/vectors.csv,True,pcr_prevalence.csv,monthly,PCR,100,True,routine_incidence_by_district.csv,monthly,100,/gpfs/projects/b1139/malaria-bf-hbhi/IO/simulation_inputs/DS_inputs_files/Banfora_climate_2020_one_year
Sapone,12.01751243,-1.706550837,2010,10,1000,38,0.2,1,2000,20,/gpfs/projects/b1139/malaria-bf-hbhi/IO/simulation_inputs/DS_inputs_files/Banfora_demographics.wVaxSMC.json,nonmalarial_fevers/nmf_rates_generic.csv,cm/Nanoro_case_management.csv,smc/SMC.csv,itn/Nanoro_ITN.csv,itn/ITN_age.csv,itn/ITN_season.csv,vectors/vectors.csv,True,pcr_prevalence.csv,monthly,PCR,100,True,routine_incidence_by_district.csv,monthly,100,/gpfs/projects/b1139/malaria-bf-hbhi/IO/simulation_inputs/DS_inputs_files/Banfora_climate_2020_one_year
Sapouy,11.63459616,-1.889042804,2010,10,1000,38,0.2,1,2000,20,/gpfs/projects/b1139/malaria-bf-hbhi/IO/simulation_inputs/DS_inputs_files/Banfora_demographics.wVaxSMC.json,nonmalarial_fevers/nmf_rates_generic.csv,cm/Nanoro_case_management.csv,smc/SMC.csv,itn/Nanoro_ITN.csv,itn/ITN_age.csv,itn/ITN_season.csv,vectors/vectors.csv,True,pcr_prevalence.csv,monthly,PCR,100,True,routine_incidence_by_district.csv,monthly,100,/gpfs/projects/b1139/malaria-bf-hbhi/IO/simulation_inputs/DS_inputs_files/Banfora_climate_2020_one_year
Sebba,13.40427594,0.600736919,2010,10,1000,38,0.2,1,2000,20,/gpfs/projects/b1139/malaria-bf-hbhi/IO/simulation_inputs/DS_inputs_files/Banfora_demographics.wVaxSMC.json,nonmalarial_fevers/nmf_rates_generic.csv,cm/Nanoro_case_management.csv,smc/SMC.csv,itn/Nanoro_ITN.csv,itn/ITN_age.csv,itn/ITN_season.csv,vectors/vectors.csv,True,pcr_prevalence.csv,monthly,PCR,100,True,routine_incidence_by_district.csv,monthly,100,/gpfs/projects/b1139/malaria-bf-hbhi/IO/simulation_inputs/DS_inputs_files/Banfora_climate_2020_one_year
Seguenega,13.29658722,-1.960697661,2010,10,1000,38,0.2,1,2000,20,/gpfs/projects/b1139/malaria-bf-hbhi/IO/simulation_inputs/DS_inputs_files/Banfora_demographics.wVaxSMC.json,nonmalarial_fevers/nmf_rates_generic.csv,cm/Nanoro_case_management.csv,smc/SMC.csv,itn/Nanoro_ITN.csv,itn/ITN_age.csv,itn/ITN_season.csv,vectors/vectors.csv,True,pcr_prevalence.csv,monthly,PCR,100,True,routine_incidence_by_district.csv,monthly,100,/gpfs/projects/b1139/malaria-bf-hbhi/IO/simulation_inputs/DS_inputs_files/Banfora_climate_2020_one_year
Sig-Nonghin,12.52259437,-1.608229362,2010,10,1000,38,0.2,1,2000,20,/gpfs/projects/b1139/malaria-bf-hbhi/IO/simulation_inputs/DS_inputs_files/Banfora_demographics.wVaxSMC.json,nonmalarial_fevers/nmf_rates_generic.csv,cm/Nanoro_case_management.csv,smc/SMC.csv,itn/Nanoro_ITN.csv,itn/ITN_age.csv,itn/ITN_season.csv,vectors/vectors.csv,True,pcr_prevalence.csv,monthly,PCR,100,True,routine_incidence_by_district.csv,monthly,100,/gpfs/projects/b1139/malaria-bf-hbhi/IO/simulation_inputs/DS_inputs_files/Banfora_climate_2020_one_year
Sindou,10.61735913,-5.266808248,2010,10,1000,38,0.2,1,2000,20,/gpfs/projects/b1139/malaria-bf-hbhi/IO/simulation_inputs/DS_inputs_files/Banfora_demographics.wVaxSMC.json,nonmalarial_fevers/nmf_rates_generic.csv,cm/Nanoro_case_management.csv,smc/SMC.csv,itn/Nanoro_ITN.csv,itn/ITN_age.csv,itn/ITN_season.csv,vectors/vectors.csv,True,pcr_prevalence.csv,monthly,PCR,100,True,routine_incidence_by_district.csv,monthly,100,/gpfs/projects/b1139/malaria-bf-hbhi/IO/simulation_inputs/DS_inputs_files/Banfora_climate_2020_one_year
Solenzo,12.25402247,-4.171100238,2010,10,1000,38,0.2,1,2000,20,/gpfs/projects/b1139/malaria-bf-hbhi/IO/simulation_inputs/DS_inputs_files/Banfora_demographics.wVaxSMC.json,nonmalarial_fevers/nmf_rates_generic.csv,cm/Nanoro_case_management.csv,smc/SMC.csv,itn/Nanoro_ITN.csv,itn/ITN_age.csv,itn/ITN_season.csv,vectors/vectors.csv,True,pcr_prevalence.csv,monthly,PCR,100,True,routine_incidence_by_district.csv,monthly,100,/gpfs/projects/b1139/malaria-bf-hbhi/IO/simulation_inputs/DS_inputs_files/Banfora_climate_2020_one_year
Tenado,12.01288293,-2.656690006,2010,10,1000,38,0.2,1,2000,20,/gpfs/projects/b1139/malaria-bf-hbhi/IO/simulation_inputs/DS_inputs_files/Banfora_demographics.wVaxSMC.json,nonmalarial_fevers/nmf_rates_generic.csv,cm/Nanoro_case_management.csv,smc/SMC.csv,itn/Nanoro_ITN.csv,itn/ITN_age.csv,itn/ITN_season.csv,vectors/vectors.csv,True,pcr_prevalence.csv,monthly,PCR,100,True,routine_incidence_by_district.csv,monthly,100,/gpfs/projects/b1139/malaria-bf-hbhi/IO/simulation_inputs/DS_inputs_files/Banfora_climate_2020_one_year
Tenkodogo,11.70509832,-0.343155576,2010,10,1000,38,0.2,1,2000,20,/gpfs/projects/b1139/malaria-bf-hbhi/IO/simulation_inputs/DS_inputs_files/Banfora_demographics.wVaxSMC.json,nonmalarial_fevers/nmf_rates_generic.csv,cm/Nanoro_case_management.csv,smc/SMC.csv,itn/Nanoro_ITN.csv,itn/ITN_age.csv,itn/ITN_season.csv,vectors/vectors.csv,True,pcr_prevalence.csv,monthly,PCR,100,True,routine_incidence_by_district.csv,monthly,100,/gpfs/projects/b1139/malaria-bf-hbhi/IO/simulation_inputs/DS_inputs_files/Banfora_climate_2020_one_year
Thiou,13.83880255,-2.62647778,2010,10,1000,38,0.2,1,2000,20,/gpfs/projects/b1139/malaria-bf-hbhi/IO/simulation_inputs/DS_inputs_files/Banfora_demographics.wVaxSMC.json,nonmalarial_fevers/nmf_rates_generic.csv,cm/Nanoro_case_management.csv,smc/SMC.csv,itn/Nanoro_ITN.csv,itn/ITN_age.csv,itn/ITN_season.csv,vectors/vectors.csv,True,pcr_prevalence.csv,monthly,PCR,100,True,routine_incidence_by_district.csv,monthly,100,/gpfs/projects/b1139/malaria-bf-hbhi/IO/simulation_inputs/DS_inputs_files/Banfora_climate_2020_one_year
Titao,13.93735676,-2.169408609,2010,10,1000,38,0.2,1,2000,20,/gpfs/projects/b1139/malaria-bf-hbhi/IO/simulation_inputs/DS_inputs_files/Banfora_demographics.wVaxSMC.json,nonmalarial_fevers/nmf_rates_generic.csv,cm/Nanoro_case_management.csv,smc/SMC.csv,itn/Nanoro_ITN.csv,itn/ITN_age.csv,itn/ITN_season.csv,vectors/vectors.csv,True,pcr_prevalence.csv,monthly,PCR,100,True,routine_incidence_by_district.csv,monthly,100,/gpfs/projects/b1139/malaria-bf-hbhi/IO/simulation_inputs/DS_inputs_files/Banfora_climate_2020_one_year
Toma,12.69649733,-3.024324543,2010,10,1000,38,0.2,1,2000,20,/gpfs/projects/b1139/malaria-bf-hbhi/IO/simulation_inputs/DS_inputs_files/Banfora_demographics.wVaxSMC.json,nonmalarial_fevers/nmf_rates_generic.csv,cm/Nanoro_case_management.csv,smc/SMC.csv,itn/Nanoro_ITN.csv,itn/ITN_age.csv,itn/ITN_season.csv,vectors/vectors.csv,True,pcr_prevalence.csv,monthly,PCR,100,True,routine_incidence_by_district.csv,monthly,100,/gpfs/projects/b1139/malaria-bf-hbhi/IO/simulation_inputs/DS_inputs_files/Banfora_climate_2020_one_year
Tougan,13.24945331,-3.016009728,2010,10,1000,38,0.2,1,2000,20,/gpfs/projects/b1139/malaria-bf-hbhi/IO/simulation_inputs/DS_inputs_files/Banfora_demographics.wVaxSMC.json,nonmalarial_fevers/nmf_rates_generic.csv,cm/Nanoro_case_management.csv,smc/SMC.csv,itn/Nanoro_ITN.csv,itn/ITN_age.csv,itn/ITN_season.csv,vectors/vectors.csv,True,pcr_prevalence.csv,monthly,PCR,100,True,routine_incidence_by_district.csv,monthly,100,/gpfs/projects/b1139/malaria-bf-hbhi/IO/simulation_inputs/DS_inputs_files/Banfora_climate_2020_one_year
Tougouri,13.44860164,-0.520730739,2010,10,1000,38,0.2,1,2000,20,/gpfs/projects/b1139/malaria-bf-hbhi/IO/simulation_inputs/DS_inputs_files/Banfora_demographics.wVaxSMC.json,nonmalarial_fevers/nmf_rates_generic.csv,cm/Nanoro_case_management.csv,smc/SMC.csv,itn/Nanoro_ITN.csv,itn/ITN_age.csv,itn/ITN_season.csv,vectors/vectors.csv,True,pcr_prevalence.csv,monthly,PCR,100,True,routine_incidence_by_district.csv,monthly,100,/gpfs/projects/b1139/malaria-bf-hbhi/IO/simulation_inputs/DS_inputs_files/Banfora_climate_2020_one_year
Yako,12.90050885,-2.169157739,2010,10,1000,38,0.2,1,2000,20,/gpfs/projects/b1139/malaria-bf-hbhi/IO/simulation_inputs/DS_inputs_files/Banfora_demographics.wVaxSMC.json,nonmalarial_fevers/nmf_rates_generic.csv,cm/Nanoro_case_management.csv,smc/SMC.csv,itn/Nanoro_ITN.csv,itn/ITN_age.csv,itn/ITN_season.csv,vectors/vectors.csv,True,pcr_prevalence.csv,monthly,PCR,100,True,routine_incidence_by_district.csv,monthly,100,/gpfs/projects/b1139/malaria-bf-hbhi/IO/simulation_inputs/DS_inputs_files/Banfora_climate_2020_one_year
Zabre,11.18166791,-0.582343511,2010,10,1000,38,0.2,1,2000,20,/gpfs/projects/b1139/malaria-bf-hbhi/IO/simulation_inputs/DS_inputs_files/Banfora_demographics.wVaxSMC.json,nonmalarial_fevers/nmf_rates_generic.csv,cm/Nanoro_case_management.csv,smc/SMC.csv,itn/Nanoro_ITN.csv,itn/ITN_age.csv,itn/ITN_season.csv,vectors/vectors.csv,True,pcr_prevalence.csv,monthly,PCR,100,True,routine_incidence_by_district.csv,monthly,100,/gpfs/projects/b1139/malaria-bf-hbhi/IO/simulation_inputs/DS_inputs_files/Banfora_climate_2020_one_year
Ziniare,12.63935039,-1.307179344,2010,10,1000,38,0.2,1,2000,20,/gpfs/projects/b1139/malaria-bf-hbhi/IO/simulation_inputs/DS_inputs_files/Banfora_demographics.wVaxSMC.json,nonmalarial_fevers/nmf_rates_generic.csv,cm/Nanoro_case_management.csv,smc/SMC.csv,itn/Nanoro_ITN.csv,itn/ITN_age.csv,itn/ITN_season.csv,vectors/vectors.csv,True,pcr_prevalence.csv,monthly,PCR,100,True,routine_incidence_by_district.csv,monthly,100,/gpfs/projects/b1139/malaria-bf-hbhi/IO/simulation_inputs/DS_inputs_files/Banfora_climate_2020_one_year
Zorgho,12.2526366,-0.77384601,2010,10,1000,38,0.2,1,2000,20,/gpfs/projects/b1139/malaria-bf-hbhi/IO/simulation_inputs/DS_inputs_files/Banfora_demographics.wVaxSMC.json,nonmalarial_fevers/nmf_rates_generic.csv,cm/Nanoro_case_management.csv,smc/SMC.csv,itn/Nanoro_ITN.csv,itn/ITN_age.csv,itn/ITN_season.csv,vectors/vectors.csv,True,pcr_prevalence.csv,monthly,PCR,100,True,routine_incidence_by_district.csv,monthly,100,/gpfs/projects/b1139/malaria-bf-hbhi/IO/simulation_inputs/DS_inputs_files/Banfora_climate_2020_one_year
